hqu,ifn,gfa,fas,egp,oza,rii,vtz
0.4942479838859792,0.5818002736673639,0.8703384638576899,1.3594957154877352,1.03727973172843,0.6501559610150568,0.1883509417290819,1.0143592916250912
0.44162617212974764,0.6002245108627244,0.14246323529583738,0.2578360762146237,0.4031000025223723,0.4399390837505551,0.38297672958199525,0.2847913023991423
0.24612407560927352,0.500011961350776,0.73438317282195,1.8595168667452855,2.9213500955514697,1.4520482541803508,0.020433841116728895,0.4692591070279088
0.2462138433274356,1.0752740631513347,1.9962098253487348,0.5263474358357672,0.4378041736036833,0.6412318385974436,1.4831638346038394,1.0434956093727648
0.6453165071011149,0.9117811989621415,0.6504202194183804,1.2281073119646873,0.26637760107312314,0.3131697804734308,0.5122479441708012,1.8618104792482708
1.1443172270301734,0.27618410570213203,0.1982385835898524,0.070443794590548,0.8126488036270587,0.9953938762279247,0.8473692607638889,1.6139345397453826
1.1930772114751371,0.31014304915313534,0.9013685582895189,0.6501030518184747,0.7835768102934714,0.11034146998269526,0.44726340607849874,0.64068023249036
0.06714030167073873,1.854093255177453,0.9080311333226843,0.6740779150530665,0.27932424200508116,1.0584748540879612,0.34499741336590906,1.3688580341412002
