mks,lsq,vnm,xph,zgk,ppb,xrm,noe
0.29806468091024496,0.18235338448920824,0.41482146031523354,0.11531276262806077,0.9694678480443322,0.6747238175871542,1.4286150825843449,1.8375974191868871
1.1014338650708086,0.35127783707375154,1.5670493080490242,0.9588812511609952,1.4205975490960796,0.7658952917431772,0.49973970100656434,0.23515583568775406
2.0817668305701904,0.03292394571307237,0.3880285795222149,0.19125490306785276,0.6143251671918556,1.2914999087242172,0.6031157529661112,0.3544106583506056
0.4864027654225371,0.265165165854944,0.010860888859740441,0.8847928014572842,0.8013456187333282,1.0206145582286792,0.7667413801639364,0.5053993962237758
0.6411059969811492,1.5933604556474559,0.6409759217744864,0.9744333184332533,0.30799557114218085,0.10464473337112219,1.5670083920457238,0.03753192559351866
1.7263247483319142,1.1304821478926688,0.7123757426079458,0.7545716946276224,0.24286192434023177,2.394093944189842,0.977565401828445,0.814064031573744
0.1710834880773722,0.16799400731721828,0.16569339059215632,0.12937349046319344,0.6110182083337586,0.09865563817735103,0.08605933629566444,0.5944790467694526
0.07613952238838759,1.6109705439395279,0.465440167272723,0.2934317435028093,0.3178030971290347,0.6141010674484619,1.4347691410364531,0.35353673354810744
