,fqj,wzd,lgs,mrk,tap,xdq,pkk,nga
0,0.5996702371497024,0.49788513620750424,0.7937562076099338,1.0593628321295983,0.4703253237883469,0.6355228724215954,0.4090577091600281,0.2630492646388833
1,0.16113969043921433,0.6994919397651816,1.5520257745337538,1.3598966840779017,0.13496331768020597,1.6522107381775413,0.5159121803590755,0.6259711146682182
2,1.0074900842300438,0.7985434304367713,0.1998411527441492,0.8671416809488274,0.3904116933400447,0.390124485544664,0.6962637953266817,0.5856130849194111
3,0.0992934940636814,1.304966799548383,1.378424395364445,0.35322739046198026,1.0080887128150102,0.4131227281930851,0.6585610130095582,1.5700669783981405
4,0.7139445716913192,2.3685034168696637,0.6748378889528024,1.5862226566998263,0.14689138760475812,0.02224150772383963,0.8971744734579152,0.7951599176217631
5,0.7292603735453542,0.8801891600053361,1.3028890632045926,0.04978944827841201,0.10873415634351513,1.1560851657261328,1.6525965513083696,1.2763571409450873
6,0.5930680377361993,0.5848312646234867,0.5286715107401728,0.459458499992826,0.5557785874148284,0.3151420787634461,0.6667330571036397,0.3589066764020041
7,0.4358710934064293,0.6978290067734062,0.07919715050022437,0.12304618381274463,0.32537137562618,0.8209590530899561,0.2826589341709958,1.508258696505774
