,group 0 mean,group 0 std,group 1 mean,group 1 std,group 2 mean,group 2 std,group 3 mean,group 3 std,group 4 mean,group 4 std,group 5 mean,group 5 std
tdh,0.7476783624051405,0.15074275443751994,0.32360931166468554,0.001899828251030514,0.3949867387604322,0.1131492516102035,0.38838813661017496,0.06330184273265783,0.23851855308268835,0.004766606508730173,0.5454809785371619,0.03335950478064588
wgz,0.0897881753052965,0.07525183241548423,0.40751357223199736,0.14313656659981067,0.6817363228262643,0.014307140228977283,1.1641325235580624,0.031440682108301456,0.5653691112934401,0.04981781331398209,0.23713597339036177,0.09204817211323499
txm,1.9870548011900595,0.12329125474517362,0.07504110505216874,0.15061704137538284,0.8085111369669238,0.11620372990125175,0.16917201378479646,0.08303003676612639,0.053564243279341096,0.05994831463633915,0.7367431820072577,0.06863670456271967
tmk,1.151440651035969,0.1453507192525916,0.2615760334582071,0.0419275865734927,0.13848620207606802,0.1191873051170309,1.522953975745009,0.0657253126868593,0.08939745698213723,0.08324725873114569,1.2621393987374763,0.01591659681302323
wpp,0.941429968204796,0.23236194752620998,0.9324583005558928,0.08695920335916417,1.8753413027574548,0.1343626566742788,0.07540426541508308,0.056075128903128435,0.8119408314894057,0.11361763166776002,0.3807983351173839,0.010601852615958352
ctl,0.40559060345370523,0.17220752214259913,1.079848564754012,0.037765556681425,1.2279465670009022,0.11173864215731773,0.07345242088588994,0.186754898180599,1.1118813128146419,0.041638807919816855,0.7930668017706928,0.015185518410362439
ntm,0.39457714700234503,0.07791699755873929,0.9340374320876761,0.10917617336651234,0.31321953912367145,0.03830123259190989,0.9804685540620282,0.047110483834999425,0.9063612819433398,0.09823259575308249,0.03261629994909702,0.2024017279303009
hap,0.626320899281477,0.11710906730695445,1.0818850038542847,0.040654406374153296,0.09316499193311775,0.00921992125094738,0.5375898369852576,0.1881943473421038,0.4949079335000196,0.0453701211873571,0.7352784815084947,0.03499202462521831
