,group 0 mean,group 0 std,group 1 mean,group 1 std,group 2 mean,group 2 std,group 3 mean,group 3 std,group 4 mean,group 4 std,group 5 mean,group 5 std
maf,1.028334087032136,0.0960534020670878,0.47370412372254955,0.03732753968724252,1.3942200824784714,0.24232688958867005,0.10123419256090659,0.0240785557940791,1.4619710140117967,0.11246887358048918,1.1542917711094738,0.01734899053829857
rmz,0.8600156443006637,0.05134042589045207,0.9937466223268285,0.027237721702835987,0.9953268505960867,0.08734560208978336,0.004688414833308523,0.10242734667283473,1.431720731072025,0.13386240837912425,0.8205042788339866,0.14189426319003384
xdt,0.916297709898527,0.11417489670030087,1.3180500556064605,0.0420046906349952,0.2846607170842728,0.007013302789785518,0.883427860501263,0.06267821046985658,1.1504082618717546,0.07601965125558968,0.06530837834381989,0.11535678033220054
uua,0.7716289503223166,0.0910281235923803,1.088721151900622,0.06628206329611243,1.1192877411756437,0.20725928824882786,0.04247824176569289,0.051410994431255796,0.07004181884396417,0.07893846822560521,0.2988922062887261,0.09574402566299342
uml,0.5284249395600765,0.015553219590256653,0.40430014083610777,0.0639143419121773,1.4026741271770184,0.017299817458466628,1.6928368277263373,0.2828565952657466,0.22734611013436265,0.0052205001836536065,0.34537110543305655,0.231811605592165
qrw,0.9531038622234096,0.030246193589815857,0.03599704647236747,0.10401390814786873,1.9760153585222817,0.12434789651222203,0.11950070614479258,0.06330883168198659,0.4787450507096716,0.06491754174524397,0.26539466985119187,0.0075988632003352275
syu,0.467115037145699,0.08197611332318572,0.657473139341975,0.0043756268517705105,1.0420213815504353,0.005560949334521573,0.13144974444232732,0.1915561151959566,1.6107150832927792,0.2356661820287537,1.1876170158933057,0.16183491027079508
iil,1.5553188503287654,0.024886279838032387,0.0673086887985794,0.028008012019403283,0.5946026457627143,0.007849874272488736,0.11481365533221485,0.03076645110764603,0.3653696286326072,0.08568243667887657,0.3434451171300257,0.04336155311819059
