,yvo,gxx,upo,fgl,dkf,azm,rrk,pqr
0,1.1283200986992545,1.1831441611339146,1.3160671606214758,0.13870634269635662,0.3958696890085674,2.180505022114802,2.0915896227375357,0.29770166205249987
1,0.3802345584544933,0.2861377504201124,1.066961408338108,0.14835987982925927,0.5763453829141278,0.4977072098823111,1.2980404003704435,0.513761474370014
2,0.3070664284507405,2.2120524005060913,0.761124281101992,0.36524156612054365,1.8928633919723161,0.08618578911879023,0.4789891336719488,0.5353093872774968
3,0.9747573414221297,0.41557832373334513,0.24282826845837577,1.3111285513197857,1.1931943977582486,0.10516690830695466,0.4106411518765662,0.734946230177184
4,0.9666176120384292,0.19082431075577913,1.331939030279946,1.43967502742622,1.533621300589378,0.7004657965348802,1.202055631802801,1.8569089812248647
5,0.7052805445470218,0.43687024919578876,0.6654990436296265,1.6740738644589352,0.09955194506630116,1.7493745228985413,0.3138088756336834,0.12536460611242323
6,0.1292172410446131,0.3312947529208676,1.6175593780050221,1.021156248547295,1.1615520497339817,0.39409712303315075,0.8548403421570674,0.5775063246214902
7,1.7343138925769126,1.20249834799485,0.3019611064333895,1.0763234333236675,0.5303118564038222,0.28241641330660405,0.09192416368940357,0.8231425134518183
